epoch,utc_time,stage,total_versions,max_versions,total_rowsets,max_rowsets,total_segments,max_segments,data_size,num_rows
1787907765.486208,2026-08-28T09:02:45+00:00,http_log_35m_x1,1.0,1.0,1.0,1.0,0.0,0.0,0.0,0.0
1787907770.49966,2026-08-28T09:02:50+00:00,http_log_35m_x1,4.0,4.0,4.0,4.0,4.0,4.0,4834957.0,155.0
1787907775.503655,2026-08-28T09:02:55+00:00,http_log_35m_x1,5.0,5.0,5.0,5.0,5.0,5.0,9376291.0,310.0
1787907780.510613,2026-08-28T09:03:00+00:00,http_log_35m_x1,6.0,6.0,6.0,6.0,6.0,6.0,13267073.0,465.0
1787907785.531245,2026-08-28T09:03:05+00:00,http_log_35m_x1,7.0,7.0,7.0,7.0,7.0,7.0,17988315.0,620.0
1787907790.554048,2026-08-28T09:03:10+00:00,http_log_35m_x1,4.0,4.0,4.0,4.0,4.0,4.0,22131933.0,775.0
1787907795.5761049,2026-08-28T09:03:15+00:00,http_log_35m_x1,5.0,5.0,5.0,5.0,5.0,5.0,27069276.0,930.0
1787907800.5953019,2026-08-28T09:03:20+00:00,http_log_35m_x1,6.0,6.0,6.0,6.0,6.0,6.0,31655174.0,1085.0
1787907805.620668,2026-08-28T09:03:25+00:00,http_log_35m_x1,7.0,7.0,7.0,7.0,7.0,7.0,36022046.0,1240.0
1787907810.642925,2026-08-28T09:03:30+00:00,http_log_35m_x1,12.0,12.0,12.0,12.0,12.0,12.0,41464361.0,1395.0
1787907815.66322,2026-08-28T09:03:35+00:00,http_log_35m_x1,9.0,9.0,9.0,9.0,9.0,9.0,45484209.0,1550.0
1787907820.685504,2026-08-28T09:03:40+00:00,http_log_35m_x1,10.0,10.0,10.0,10.0,10.0,10.0,49153971.0,1705.0
1787907825.705323,2026-08-28T09:03:45+00:00,http_log_35m_x1,11.0,11.0,11.0,11.0,11.0,11.0,53702837.0,1860.0
1787907830.723396,2026-08-28T09:03:50+00:00,http_log_35m_x1,12.0,12.0,12.0,12.0,12.0,12.0,58587382.0,2015.0
1787907835.7374542,2026-08-28T09:03:55+00:00,http_log_35m_x1,9.0,9.0,9.0,9.0,9.0,9.0,62254089.0,2170.0
1787907840.749173,2026-08-28T09:04:00+00:00,http_log_35m_x1,6.0,6.0,6.0,6.0,6.0,6.0,66394009.0,2325.0
1787907845.77211,2026-08-28T09:04:05+00:00,http_log_35m_x1,7.0,7.0,7.0,7.0,7.0,7.0,70494917.0,2480.0
1787907850.7918122,2026-08-28T09:04:10+00:00,http_log_35m_x1,8.0,8.0,8.0,8.0,8.0,8.0,74649838.0,2635.0
1787907855.817228,2026-08-28T09:04:15+00:00,http_log_35m_x1,9.0,9.0,9.0,9.0,9.0,9.0,80037110.0,2790.0
1787907860.842579,2026-08-28T09:04:20+00:00,http_log_35m_x1,10.0,10.0,10.0,10.0,10.0,10.0,84343108.0,2945.0
1787907865.863494,2026-08-28T09:04:25+00:00,http_log_35m_x1,7.0,7.0,7.0,7.0,7.0,7.0,87798404.0,3100.0
1787907870.888893,2026-08-28T09:04:30+00:00,http_log_35m_x1,9.0,9.0,9.0,9.0,9.0,9.0,93176676.0,3286.0
1787907875.901737,2026-08-28T09:04:35+00:00,http_log_35m_x1,10.0,10.0,10.0,10.0,10.0,10.0,97655564.0,3441.0
1787907880.9261818,2026-08-28T09:04:40+00:00,http_log_35m_x1,11.0,11.0,11.0,11.0,11.0,11.0,102025088.0,3596.0
1787907885.94672,2026-08-28T09:04:45+00:00,http_log_35m_x1,8.0,8.0,8.0,8.0,8.0,8.0,105715993.0,3751.0
1787907890.960973,2026-08-28T09:04:50+00:00,http_log_35m_x1,9.0,9.0,9.0,9.0,9.0,9.0,110920672.0,3906.0
1787907895.979003,2026-08-28T09:04:56+00:00,http_log_35m_x1,10.0,10.0,10.0,10.0,10.0,10.0,115202963.0,4061.0
1787907901.0017211,2026-08-28T09:05:01+00:00,http_log_35m_x1,7.0,7.0,7.0,7.0,7.0,7.0,119019817.0,4216.0
1787907906.022479,2026-08-28T09:05:06+00:00,http_log_35m_x1,8.0,8.0,8.0,8.0,8.0,8.0,123100659.0,4371.0
1787907911.039983,2026-08-28T09:05:11+00:00,http_log_35m_x1,9.0,9.0,9.0,9.0,9.0,9.0,128135129.0,4526.0
1787907916.06159,2026-08-28T09:05:16+00:00,http_log_35m_x1,10.0,10.0,10.0,10.0,10.0,10.0,131804789.0,4681.0
1787907921.085824,2026-08-28T09:05:21+00:00,http_log_35m_x1,11.0,11.0,11.0,11.0,11.0,11.0,136567326.0,4836.0
1787907926.1068149,2026-08-28T09:05:26+00:00,http_log_35m_x1,8.0,8.0,8.0,8.0,8.0,8.0,140130949.0,4991.0
1787907931.1279218,2026-08-28T09:05:31+00:00,http_log_35m_x1,9.0,9.0,9.0,9.0,9.0,9.0,144614736.0,5146.0
1787907936.144395,2026-08-28T09:05:36+00:00,http_log_35m_x1,10.0,10.0,10.0,10.0,10.0,10.0,149151785.0,5301.0
1787907941.168267,2026-08-28T09:05:41+00:00,http_log_35m_x1,11.0,11.0,11.0,11.0,11.0,11.0,154229250.0,5456.0
1787907946.189523,2026-08-28T09:05:46+00:00,http_log_35m_x1,12.0,12.0,12.0,12.0,12.0,12.0,158520622.0,5611.0
1787907951.214221,2026-08-28T09:05:51+00:00,http_log_35m_x1,9.0,9.0,9.0,9.0,9.0,9.0,162587321.0,5766.0
1787907956.239594,2026-08-28T09:05:56+00:00,http_log_35m_x1,10.0,10.0,10.0,10.0,10.0,10.0,167445062.0,5921.0
1787907961.267756,2026-08-28T09:06:01+00:00,http_log_35m_x1,7.0,7.0,7.0,7.0,7.0,7.0,170555541.0,6076.0
1787907966.291126,2026-08-28T09:06:06+00:00,http_log_35m_x1,8.0,8.0,8.0,8.0,8.0,8.0,175699313.0,6231.0
1787907971.314201,2026-08-28T09:06:11+00:00,http_log_35m_x1,9.0,9.0,9.0,9.0,9.0,9.0,180320345.0,6386.0
1787907976.3386528,2026-08-28T09:06:16+00:00,http_log_35m_x1,10.0,10.0,10.0,10.0,10.0,10.0,184326519.0,6541.0
1787907981.356506,2026-08-28T09:06:21+00:00,http_log_35m_x1,11.0,11.0,11.0,11.0,11.0,11.0,189080666.0,6696.0
1787907986.3768861,2026-08-28T09:06:26+00:00,http_log_35m_x1,12.0,12.0,12.0,12.0,12.0,12.0,193915115.0,6851.0
1787907991.4022741,2026-08-28T09:06:31+00:00,http_log_35m_x1,9.0,9.0,9.0,9.0,9.0,9.0,197399864.0,7006.0
1787907996.423336,2026-08-28T09:06:36+00:00,http_log_35m_x1,6.0,6.0,6.0,6.0,6.0,6.0,201504841.0,7161.0
1787908001.445046,2026-08-28T09:06:41+00:00,http_log_35m_x1,7.0,7.0,7.0,7.0,7.0,7.0,206049187.0,7316.0
1787908006.462089,2026-08-28T09:06:46+00:00,http_log_35m_x1,8.0,8.0,8.0,8.0,8.0,8.0,210354691.0,7471.0
1787908011.482589,2026-08-28T09:06:51+00:00,http_log_35m_x1,9.0,9.0,9.0,9.0,9.0,9.0,214903330.0,7626.0
1787908016.501459,2026-08-28T09:06:56+00:00,http_log_35m_x1,10.0,10.0,10.0,10.0,10.0,10.0,219414552.0,7781.0
1787908021.5122151,2026-08-28T09:07:01+00:00,http_log_35m_x1,15.0,15.0,15.0,15.0,15.0,15.0,224811146.0,7936.0
1787908026.532675,2026-08-28T09:07:06+00:00,http_log_35m_x1,8.0,8.0,8.0,8.0,8.0,8.0,227294207.0,8091.0
1787908031.554825,2026-08-28T09:07:11+00:00,http_log_35m_x1,9.0,9.0,9.0,9.0,9.0,9.0,231567901.0,8246.0
1787908036.576491,2026-08-28T09:07:16+00:00,http_log_35m_x1,10.0,10.0,10.0,10.0,10.0,10.0,236350298.0,8401.0
1787908041.59763,2026-08-28T09:07:21+00:00,http_log_35m_x1,11.0,11.0,11.0,11.0,11.0,11.0,240908895.0,8556.0
1787908046.6137118,2026-08-28T09:07:26+00:00,http_log_35m_x1,12.0,12.0,12.0,12.0,12.0,12.0,245434806.0,8711.0
1787908051.634401,2026-08-28T09:07:31+00:00,http_log_35m_x1,13.0,13.0,13.0,13.0,13.0,13.0,250234904.0,8866.0
1787908056.6508532,2026-08-28T09:07:36+00:00,http_log_35m_x1,14.0,14.0,14.0,14.0,14.0,14.0,254820850.0,9021.0
1787908061.668677,2026-08-28T09:07:41+00:00,http_log_35m_x1,11.0,11.0,11.0,11.0,11.0,11.0,258285850.0,9176.0
1787908066.6890051,2026-08-28T09:07:46+00:00,http_log_35m_x1,12.0,12.0,12.0,12.0,12.0,12.0,262655175.0,9331.0
1787908071.706549,2026-08-28T09:07:51+00:00,http_log_35m_x1,13.0,13.0,13.0,13.0,13.0,13.0,267465765.0,9486.0
1787908076.726567,2026-08-28T09:07:56+00:00,http_log_35m_x1,14.0,14.0,14.0,14.0,14.0,14.0,271734472.0,9641.0
1787908081.739459,2026-08-28T09:08:01+00:00,http_log_35m_x1,15.0,15.0,15.0,15.0,15.0,15.0,276252850.0,9796.0
1787908086.7634938,2026-08-28T09:08:06+00:00,http_log_35m_x1,16.0,16.0,16.0,16.0,16.0,16.0,281315682.0,9951.0
1787908091.7827132,2026-08-28T09:08:11+00:00,http_log_35m_x1,9.0,9.0,9.0,9.0,9.0,9.0,284213010.0,10106.0
1787908096.80425,2026-08-28T09:08:16+00:00,http_log_35m_x1,14.0,14.0,14.0,14.0,14.0,14.0,289617416.0,10261.0
1787908101.8274171,2026-08-28T09:08:21+00:00,http_log_35m_x1,11.0,11.0,11.0,11.0,11.0,11.0,293411353.0,10416.0
1787908106.851983,2026-08-28T09:08:26+00:00,http_log_35m_x1,12.0,12.0,12.0,12.0,12.0,12.0,298006042.0,10571.0
1787908111.87441,2026-08-28T09:08:31+00:00,http_log_35m_x1,13.0,13.0,13.0,13.0,13.0,13.0,302957659.0,10726.0
1787908116.8998442,2026-08-28T09:08:36+00:00,http_log_35m_x1,11.0,11.0,11.0,11.0,11.0,11.0,307776686.0,10912.0
1787908121.917645,2026-08-28T09:08:41+00:00,http_log_35m_x1,8.0,8.0,8.0,8.0,8.0,8.0,311712684.0,11067.0
1787908126.93794,2026-08-28T09:08:46+00:00,http_log_35m_x1,9.0,9.0,9.0,9.0,9.0,9.0,316327203.0,11222.0
1787908131.9593549,2026-08-28T09:08:51+00:00,http_log_35m_x1,10.0,10.0,10.0,10.0,10.0,10.0,320669298.0,11377.0
1787908136.9853718,2026-08-28T09:08:57+00:00,http_log_35m_x1,11.0,11.0,11.0,11.0,11.0,11.0,325535748.0,11532.0
1787908142.004925,2026-08-28T09:09:02+00:00,http_log_35m_x1,12.0,12.0,12.0,12.0,12.0,12.0,330122048.0,11687.0
1787908147.02613,2026-08-28T09:09:07+00:00,http_log_35m_x1,13.0,13.0,13.0,13.0,13.0,13.0,334437333.0,11842.0
1787908152.05156,2026-08-28T09:09:12+00:00,http_log_35m_x1,10.0,10.0,10.0,10.0,10.0,10.0,338149367.0,11997.0
1787908157.074066,2026-08-28T09:09:17+00:00,http_log_35m_x1,7.0,7.0,7.0,7.0,7.0,7.0,341820824.0,12152.0
1787908162.0946162,2026-08-28T09:09:22+00:00,http_log_35m_x1,8.0,8.0,8.0,8.0,8.0,8.0,346384041.0,12307.0
1787908167.110986,2026-08-28T09:09:27+00:00,http_log_35m_x1,13.0,13.0,13.0,13.0,13.0,13.0,352070133.0,12462.0
1787908172.132407,2026-08-28T09:09:32+00:00,http_log_35m_x1,10.0,10.0,10.0,10.0,10.0,10.0,355769333.0,12617.0
1787908177.15721,2026-08-28T09:09:37+00:00,http_log_35m_x1,11.0,11.0,11.0,11.0,11.0,11.0,359960301.0,12772.0
1787908182.1826298,2026-08-28T09:09:42+00:00,http_log_35m_x1,8.0,8.0,8.0,8.0,8.0,8.0,363285932.0,12927.0
1787908187.2072551,2026-08-28T09:09:47+00:00,http_log_35m_x1,9.0,9.0,9.0,9.0,9.0,9.0,367849880.0,13082.0
1787908192.231694,2026-08-28T09:09:52+00:00,http_log_35m_x1,10.0,10.0,10.0,10.0,10.0,10.0,372435822.0,13237.0
1787908197.257071,2026-08-28T09:09:57+00:00,http_log_35m_x1,11.0,11.0,11.0,11.0,11.0,11.0,377311786.0,13392.0
1787908202.278562,2026-08-28T09:10:02+00:00,http_log_35m_x1,12.0,12.0,12.0,12.0,12.0,12.0,381634716.0,13547.0
1787908207.30141,2026-08-28T09:10:07+00:00,http_log_35m_x1,13.0,13.0,13.0,13.0,13.0,13.0,386412669.0,13702.0
1787908212.324618,2026-08-28T09:10:12+00:00,http_log_35m_x1,10.0,10.0,10.0,10.0,10.0,10.0,390153112.0,13857.0
1787908217.343146,2026-08-28T09:10:17+00:00,http_log_35m_x1,11.0,11.0,11.0,11.0,11.0,11.0,394661829.0,14012.0
1787908222.363961,2026-08-28T09:10:22+00:00,http_log_35m_x1,12.0,12.0,12.0,12.0,12.0,12.0,398446400.0,14167.0
1787908227.38483,2026-08-28T09:10:27+00:00,http_log_35m_x1,13.0,13.0,13.0,13.0,13.0,13.0,404015975.0,14322.0
1787908232.4088,2026-08-28T09:10:32+00:00,http_log_35m_x1,14.0,14.0,14.0,14.0,14.0,14.0,408048085.0,14477.0
1787908237.431314,2026-08-28T09:10:37+00:00,http_log_35m_x1,15.0,15.0,15.0,15.0,15.0,15.0,412596439.0,14632.0
1787908242.4496949,2026-08-28T09:10:42+00:00,http_log_35m_x1,16.0,16.0,16.0,16.0,16.0,16.0,417444984.0,14787.0
1787908247.471616,2026-08-28T09:10:47+00:00,http_log_35m_x1,9.0,9.0,9.0,9.0,9.0,9.0,420368670.0,14942.0
1787908252.496587,2026-08-28T09:10:52+00:00,http_log_35m_x1,14.0,14.0,14.0,14.0,14.0,14.0,425801495.0,15097.0
1787908257.504135,2026-08-28T09:10:57+00:00,http_log_35m_x1,15.0,15.0,15.0,15.0,15.0,15.0,429533995.0,15252.0
1787908262.512355,2026-08-28T09:11:02+00:00,http_log_35m_x1,16.0,16.0,16.0,16.0,16.0,16.0,433967059.0,15407.0
1787908267.531497,2026-08-28T09:11:07+00:00,http_log_35m_x1,17.0,17.0,17.0,17.0,17.0,17.0,438763245.0,15562.0
1787908272.5492601,2026-08-28T09:11:12+00:00,http_log_35m_x1,14.0,14.0,14.0,14.0,14.0,14.0,442236570.0,15717.0
1787908277.5692859,2026-08-28T09:11:17+00:00,http_log_35m_x1,15.0,15.0,15.0,15.0,15.0,15.0,446808165.0,15872.0
1787908282.594696,2026-08-28T09:11:22+00:00,http_log_35m_x1,12.0,12.0,12.0,12.0,12.0,12.0,451032390.0,16027.0
1787908287.616093,2026-08-28T09:11:27+00:00,http_log_35m_x1,13.0,13.0,13.0,13.0,13.0,13.0,455605738.0,16182.0
1787908292.639818,2026-08-28T09:11:32+00:00,http_log_35m_x1,14.0,14.0,14.0,14.0,14.0,14.0,459646562.0,16337.0
1787908297.660151,2026-08-28T09:11:37+00:00,http_log_35m_x1,15.0,15.0,15.0,15.0,15.0,15.0,463816204.0,16492.0
1787908302.680083,2026-08-28T09:11:42+00:00,http_log_35m_x1,12.0,12.0,12.0,12.0,12.0,12.0,468976255.0,16647.0
1787908307.696367,2026-08-28T09:11:47+00:00,http_log_35m_x1,13.0,13.0,13.0,13.0,13.0,13.0,473272600.0,16802.0
1787908312.7133389,2026-08-28T09:11:52+00:00,http_log_35m_x1,6.0,6.0,6.0,6.0,6.0,6.0,476323867.0,16957.0
1787908317.7387562,2026-08-28T09:11:57+00:00,http_log_35m_x1,7.0,7.0,7.0,7.0,7.0,7.0,480919826.0,17112.0
1787908322.7634308,2026-08-28T09:12:02+00:00,http_log_35m_x1,8.0,8.0,8.0,8.0,8.0,8.0,485496600.0,17267.0
1787908327.7824378,2026-08-28T09:12:07+00:00,http_log_35m_x1,9.0,9.0,9.0,9.0,9.0,9.0,489971580.0,17422.0
1787908332.8047738,2026-08-28T09:12:12+00:00,http_log_35m_x1,10.0,10.0,10.0,10.0,10.0,10.0,494745150.0,17577.0
1787908337.82585,2026-08-28T09:12:17+00:00,http_log_35m_x1,11.0,11.0,11.0,11.0,11.0,11.0,498718241.0,17732.0
1787908342.8472168,2026-08-28T09:12:22+00:00,http_log_35m_x1,12.0,12.0,12.0,12.0,12.0,12.0,503371140.0,17887.0
1787908347.866369,2026-08-28T09:12:27+00:00,http_log_35m_x1,10.0,10.0,10.0,10.0,10.0,10.0,508318083.0,18073.0
1787908352.890838,2026-08-28T09:12:32+00:00,http_log_35m_x1,11.0,11.0,11.0,11.0,11.0,11.0,513126810.0,18228.0
1787908357.907937,2026-08-28T09:12:37+00:00,http_log_35m_x1,12.0,12.0,12.0,12.0,12.0,12.0,517984136.0,18383.0
1787908362.9267352,2026-08-28T09:12:42+00:00,http_log_35m_x1,13.0,13.0,13.0,13.0,13.0,13.0,522335769.0,18538.0
1787908367.944253,2026-08-28T09:12:47+00:00,http_log_35m_x1,10.0,10.0,10.0,10.0,10.0,10.0,525619205.0,18693.0
1787908372.9682639,2026-08-28T09:12:53+00:00,http_log_35m_x1,11.0,11.0,11.0,11.0,11.0,11.0,530682950.0,18848.0
1787908377.9906938,2026-08-28T09:12:58+00:00,http_log_35m_x1,12.0,12.0,12.0,12.0,12.0,12.0,534424677.0,19003.0
1787908383.007186,2026-08-28T09:13:03+00:00,http_log_35m_x1,13.0,13.0,13.0,13.0,13.0,13.0,538856234.0,19158.0
1787908388.029836,2026-08-28T09:13:08+00:00,http_log_35m_x1,14.0,14.0,14.0,14.0,14.0,14.0,543882772.0,19313.0
1787908393.04497,2026-08-28T09:13:13+00:00,http_log_35m_x1,15.0,15.0,15.0,15.0,15.0,15.0,548031473.0,19468.0
1787908398.0628831,2026-08-28T09:13:18+00:00,http_log_35m_x1,12.0,12.0,12.0,12.0,12.0,12.0,551707730.0,19623.0
1787908403.088324,2026-08-28T09:13:23+00:00,http_log_35m_x1,13.0,13.0,13.0,13.0,13.0,13.0,556806057.0,19778.0
1787908408.111275,2026-08-28T09:13:28+00:00,http_log_35m_x1,14.0,14.0,14.0,14.0,14.0,14.0,561728745.0,19933.0
1787908413.132679,2026-08-28T09:13:33+00:00,http_log_35m_x1,15.0,15.0,15.0,15.0,15.0,15.0,565525535.0,20088.0
1787908418.152983,2026-08-28T09:13:38+00:00,http_log_35m_x1,16.0,16.0,16.0,16.0,16.0,16.0,570392199.0,20243.0
1787908423.175755,2026-08-28T09:13:43+00:00,http_log_35m_x1,13.0,13.0,13.0,13.0,13.0,13.0,574117573.0,20398.0
1787908428.198373,2026-08-28T09:13:48+00:00,http_log_35m_x1,10.0,10.0,10.0,10.0,10.0,10.0,577946653.0,20553.0
1787908433.223734,2026-08-28T09:13:53+00:00,http_log_35m_x1,11.0,11.0,11.0,11.0,11.0,11.0,582233616.0,20708.0
1787908438.248577,2026-08-28T09:13:58+00:00,http_log_35m_x1,12.0,12.0,12.0,12.0,12.0,12.0,587039210.0,20863.0
1787908443.270714,2026-08-28T09:14:03+00:00,http_log_35m_x1,13.0,13.0,13.0,13.0,13.0,13.0,591513139.0,21018.0
1787908448.2936351,2026-08-28T09:14:08+00:00,http_log_35m_x1,14.0,14.0,14.0,14.0,14.0,14.0,596066886.0,21173.0
1787908453.317929,2026-08-28T09:14:13+00:00,http_log_35m_x1,11.0,11.0,11.0,11.0,11.0,11.0,600339317.0,21328.0
1787908458.342705,2026-08-28T09:14:18+00:00,http_log_35m_x1,12.0,12.0,12.0,12.0,12.0,12.0,604382471.0,21483.0
1787908463.364618,2026-08-28T09:14:23+00:00,http_log_35m_x1,13.0,13.0,13.0,13.0,13.0,13.0,609188890.0,21638.0
1787908468.388204,2026-08-28T09:14:28+00:00,http_log_35m_x1,14.0,14.0,14.0,14.0,14.0,14.0,613465439.0,21793.0
1787908473.4133198,2026-08-28T09:14:33+00:00,http_log_35m_x1,15.0,15.0,15.0,15.0,15.0,15.0,618248228.0,21948.0
1787908478.432641,2026-08-28T09:14:38+00:00,http_log_35m_x1,12.0,12.0,12.0,12.0,12.0,12.0,621499327.0,22103.0
1787908483.458009,2026-08-28T09:14:43+00:00,http_log_35m_x1,13.0,13.0,13.0,13.0,13.0,13.0,626213064.0,22258.0
1787908488.48354,2026-08-28T09:14:48+00:00,http_log_35m_x1,14.0,14.0,14.0,14.0,14.0,14.0,630984136.0,22413.0
1787908493.5142121,2026-08-28T09:14:53+00:00,http_log_35m_x1,15.0,15.0,15.0,15.0,15.0,15.0,635540655.0,22568.0
1787908498.537363,2026-08-28T09:14:58+00:00,http_log_35m_x1,16.0,16.0,16.0,16.0,16.0,16.0,640169595.0,22723.0
1787908503.557546,2026-08-28T09:15:03+00:00,http_log_35m_x1,13.0,13.0,13.0,13.0,13.0,13.0,643205299.0,22878.0
1787908508.571765,2026-08-28T09:15:08+00:00,http_log_35m_x1,18.0,18.0,18.0,18.0,18.0,18.0,647786936.0,23033.0
1787908513.590761,2026-08-28T09:15:13+00:00,http_log_35m_x1,10.0,10.0,10.0,10.0,10.0,10.0,651626965.0,23188.0
1787908518.615572,2026-08-28T09:15:18+00:00,http_log_35m_x1,11.0,11.0,11.0,11.0,11.0,11.0,655797130.0,23343.0
1787908523.641013,2026-08-28T09:15:23+00:00,http_log_35m_x1,12.0,12.0,12.0,12.0,12.0,12.0,660571163.0,23498.0
1787908528.658714,2026-08-28T09:15:28+00:00,http_log_35m_x1,13.0,13.0,13.0,13.0,13.0,13.0,664825352.0,23653.0
1787908533.6770828,2026-08-28T09:15:33+00:00,http_log_35m_x1,14.0,14.0,14.0,14.0,14.0,14.0,669687373.0,23808.0
1787908538.701183,2026-08-28T09:15:38+00:00,http_log_35m_x1,14.0,14.0,14.0,14.0,14.0,14.0,673977426.0,23963.0
1787908543.720779,2026-08-28T09:15:43+00:00,http_log_35m_x1,14.0,14.0,14.0,14.0,14.0,14.0,677959502.0,24118.0
1787908548.7420318,2026-08-28T09:15:48+00:00,http_log_35m_x1,15.0,15.0,15.0,15.0,15.0,15.0,683017439.0,24273.0
1787908553.75443,2026-08-28T09:15:53+00:00,http_log_35m_x1,16.0,16.0,16.0,16.0,16.0,16.0,686559572.0,24428.0
1787908558.771266,2026-08-28T09:15:58+00:00,http_log_35m_x1,13.0,13.0,13.0,13.0,13.0,13.0,691365776.0,24583.0
1787908563.7917418,2026-08-28T09:16:03+00:00,http_log_35m_x1,14.0,14.0,14.0,14.0,14.0,14.0,696116939.0,24738.0
1787908568.8171258,2026-08-28T09:16:08+00:00,http_log_35m_x1,15.0,15.0,15.0,15.0,15.0,15.0,700491584.0,24893.0
1787908573.835082,2026-08-28T09:16:13+00:00,http_log_35m_x1,12.0,12.0,12.0,12.0,12.0,12.0,704362876.0,25048.0
1787908578.8537989,2026-08-28T09:16:18+00:00,http_log_35m_x1,13.0,13.0,13.0,13.0,13.0,13.0,708791135.0,25203.0
1787908583.878295,2026-08-28T09:16:23+00:00,http_log_35m_x1,15.0,15.0,15.0,15.0,15.0,15.0,714230001.0,25389.0
1787908588.8955572,2026-08-28T09:16:28+00:00,http_log_35m_x1,11.0,11.0,11.0,11.0,11.0,11.0,717120530.0,25513.0
1787908593.9209752,2026-08-28T09:16:33+00:00,http_log_35m_x1,12.0,12.0,12.0,12.0,12.0,12.0,721911523.0,25668.0
1787908598.934939,2026-08-28T09:16:38+00:00,http_log_35m_x1,14.0,14.0,14.0,14.0,14.0,14.0,727621717.0,25854.0
1787908603.950759,2026-08-28T09:16:43+00:00,http_log_35m_x1,7.0,7.0,7.0,7.0,7.0,7.0,730927389.0,26009.0
1787908608.974606,2026-08-28T09:16:49+00:00,http_log_35m_x1,8.0,8.0,8.0,8.0,8.0,8.0,735491060.0,26164.0
1787908613.9964569,2026-08-28T09:16:54+00:00,http_log_35m_x1,9.0,9.0,9.0,9.0,9.0,9.0,739956618.0,26319.0
1787908619.021915,2026-08-28T09:16:59+00:00,http_log_35m_x1,10.0,10.0,10.0,10.0,10.0,10.0,744519426.0,26474.0
1787908624.044509,2026-08-28T09:17:04+00:00,http_log_35m_x1,11.0,11.0,11.0,11.0,11.0,11.0,748787390.0,26629.0
1787908629.066129,2026-08-28T09:17:09+00:00,http_log_35m_x1,12.0,12.0,12.0,12.0,12.0,12.0,752794129.0,26784.0
1787908634.084193,2026-08-28T09:17:14+00:00,http_log_35m_x1,13.0,13.0,13.0,13.0,13.0,13.0,757841731.0,26939.0
1787908639.107465,2026-08-28T09:17:19+00:00,http_log_35m_x1,10.0,10.0,10.0,10.0,10.0,10.0,761812753.0,27094.0
1787908644.131486,2026-08-28T09:17:24+00:00,http_log_35m_x1,11.0,11.0,11.0,11.0,11.0,11.0,765559971.0,27249.0
1787908649.151571,2026-08-28T09:17:29+00:00,http_log_35m_x1,8.0,8.0,8.0,8.0,8.0,8.0,770547711.0,27404.0
1787908654.175195,2026-08-28T09:17:34+00:00,http_log_35m_x1,9.0,9.0,9.0,9.0,9.0,9.0,774850541.0,27559.0
1787908659.194539,2026-08-28T09:17:39+00:00,http_log_35m_x1,10.0,10.0,10.0,10.0,10.0,10.0,779455965.0,27714.0
1787908664.2134862,2026-08-28T09:17:44+00:00,http_log_35m_x1,11.0,11.0,11.0,11.0,11.0,11.0,783629706.0,27869.0
1787908669.233693,2026-08-28T09:17:49+00:00,http_log_35m_x1,8.0,8.0,8.0,8.0,8.0,8.0,787610265.0,28024.0
1787908674.25728,2026-08-28T09:17:54+00:00,http_log_35m_x1,9.0,9.0,9.0,9.0,9.0,9.0,792486639.0,28179.0
1787908679.268251,2026-08-28T09:17:59+00:00,http_log_35m_x1,10.0,10.0,10.0,10.0,10.0,10.0,796826993.0,28334.0
1787908684.2930949,2026-08-28T09:18:04+00:00,http_log_35m_x1,11.0,11.0,11.0,11.0,11.0,11.0,801432432.0,28489.0
1787908689.31846,2026-08-28T09:18:09+00:00,http_log_35m_x1,12.0,12.0,12.0,12.0,12.0,12.0,805747223.0,28644.0
1787908694.3436291,2026-08-28T09:18:14+00:00,http_log_35m_x1,9.0,9.0,9.0,9.0,9.0,9.0,809410180.0,28799.0
1787908699.363153,2026-08-28T09:18:19+00:00,http_log_35m_x1,10.0,10.0,10.0,10.0,10.0,10.0,814413074.0,28954.0
1787908704.388001,2026-08-28T09:18:24+00:00,http_log_35m_x1,11.0,11.0,11.0,11.0,11.0,11.0,817863397.0,29109.0
1787908709.4079528,2026-08-28T09:18:29+00:00,http_log_35m_x1,12.0,12.0,12.0,12.0,12.0,12.0,822633149.0,29264.0
1787908714.433302,2026-08-28T09:18:34+00:00,http_log_35m_x1,13.0,13.0,13.0,13.0,13.0,13.0,827620786.0,29419.0
1787908719.453547,2026-08-28T09:18:39+00:00,http_log_35m_x1,10.0,10.0,10.0,10.0,10.0,10.0,831347694.0,29574.0
1787908724.471461,2026-08-28T09:18:44+00:00,http_log_35m_x1,15.0,15.0,15.0,15.0,15.0,15.0,836173309.0,29729.0
1787908729.499521,2026-08-28T09:18:49+00:00,http_log_35m_x1,12.0,12.0,12.0,12.0,12.0,12.0,840062781.0,29884.0
1787908734.504478,2026-08-28T09:18:54+00:00,http_log_35m_x1,13.0,13.0,13.0,13.0,13.0,13.0,844701386.0,30039.0
1787908739.515431,2026-08-28T09:18:59+00:00,http_log_35m_x1,10.0,10.0,10.0,10.0,10.0,10.0,849093072.0,30194.0
1787908744.5328782,2026-08-28T09:19:04+00:00,http_log_35m_x1,11.0,11.0,11.0,11.0,11.0,11.0,853076390.0,30349.0
1787908749.5505128,2026-08-28T09:19:09+00:00,http_log_35m_x1,12.0,12.0,12.0,12.0,12.0,12.0,858111624.0,30504.0
1787908754.5721421,2026-08-28T09:19:14+00:00,http_log_35m_x1,13.0,13.0,13.0,13.0,13.0,13.0,862705373.0,30659.0
1787908759.591839,2026-08-28T09:19:19+00:00,http_log_35m_x1,10.0,10.0,10.0,10.0,10.0,10.0,866249159.0,30814.0
1787908764.615799,2026-08-28T09:19:24+00:00,http_log_35m_x1,11.0,11.0,11.0,11.0,11.0,11.0,871335887.0,30969.0
1787908769.637381,2026-08-28T09:19:29+00:00,http_log_35m_x1,12.0,12.0,12.0,12.0,12.0,12.0,875309361.0,31124.0
1787908774.6593878,2026-08-28T09:19:34+00:00,http_log_35m_x1,13.0,13.0,13.0,13.0,13.0,13.0,879809173.0,31279.0
1787908779.681519,2026-08-28T09:19:39+00:00,http_log_35m_x1,14.0,14.0,14.0,14.0,14.0,14.0,884616879.0,31434.0
1787908784.705677,2026-08-28T09:19:44+00:00,http_log_35m_x1,15.0,15.0,15.0,15.0,15.0,15.0,888808242.0,31589.0
1787908789.72641,2026-08-28T09:19:49+00:00,http_log_35m_x1,12.0,12.0,12.0,12.0,12.0,12.0,892329725.0,31744.0
1787908794.747444,2026-08-28T09:19:54+00:00,http_log_35m_x1,9.0,9.0,9.0,9.0,9.0,9.0,896401642.0,31899.0
1787908799.770137,2026-08-28T09:19:59+00:00,http_log_35m_x1,10.0,10.0,10.0,10.0,10.0,10.0,901006116.0,32054.0
1787908804.795472,2026-08-28T09:20:04+00:00,http_log_35m_x1,11.0,11.0,11.0,11.0,11.0,11.0,904878949.0,32209.0
1787908809.816739,2026-08-28T09:20:09+00:00,http_log_35m_x1,13.0,13.0,13.0,13.0,13.0,13.0,910879651.0,32395.0
1787908814.8280692,2026-08-28T09:20:14+00:00,http_log_35m_x1,14.0,14.0,14.0,14.0,14.0,14.0,914815365.0,32550.0
1787908819.838636,2026-08-28T09:20:19+00:00,http_log_35m_x1,14.0,14.0,14.0,14.0,14.0,14.0,919049604.0,32674.0
1787908824.8560681,2026-08-28T09:20:24+00:00,http_log_35m_x1,15.0,15.0,15.0,15.0,15.0,15.0,922780788.0,32829.0
1787908829.880627,2026-08-28T09:20:29+00:00,http_log_35m_x1,13.0,13.0,13.0,13.0,13.0,13.0,928044783.0,33015.0
1787908834.898705,2026-08-28T09:20:34+00:00,http_log_35m_x1,13.0,13.0,13.0,13.0,13.0,13.0,931759797.0,33139.0
1787908839.9196851,2026-08-28T09:20:39+00:00,http_log_35m_x1,15.0,15.0,15.0,15.0,15.0,15.0,937393191.0,33325.0
1787908844.934131,2026-08-28T09:20:44+00:00,http_log_35m_x1,16.0,16.0,16.0,16.0,16.0,16.0,942507924.0,33480.0
1787908849.957954,2026-08-28T09:20:50+00:00,http_log_35m_x1,16.0,16.0,16.0,16.0,16.0,16.0,945397472.0,33604.0
1787908854.975652,2026-08-28T09:20:55+00:00,http_log_35m_x1,9.0,9.0,9.0,9.0,9.0,9.0,949615839.0,33790.0
1787908859.9962938,2026-08-28T09:21:00+00:00,http_log_35m_x1,14.0,14.0,14.0,14.0,14.0,14.0,955049183.0,33945.0
1787908865.01114,2026-08-28T09:21:05+00:00,http_log_35m_x1,14.0,14.0,14.0,14.0,14.0,14.0,958263638.0,34069.0
1787908870.031057,2026-08-28T09:21:10+00:00,http_log_35m_x1,16.0,16.0,16.0,16.0,16.0,16.0,964018523.0,34255.0
1787908875.047252,2026-08-28T09:21:15+00:00,http_log_35m_x1,17.0,17.0,17.0,17.0,17.0,17.0,969157138.0,34410.0
1787908880.070997,2026-08-28T09:21:20+00:00,http_log_35m_x1,14.0,14.0,14.0,14.0,14.0,14.0,972070048.0,34565.0
1787908885.09039,2026-08-28T09:21:25+00:00,http_log_35m_x1,15.0,15.0,15.0,15.0,15.0,15.0,977273702.0,34720.0
1787908890.115836,2026-08-28T09:21:30+00:00,http_log_35m_x1,11.0,11.0,11.0,11.0,11.0,11.0,980666830.0,34875.0
1787908895.139467,2026-08-28T09:21:35+00:00,http_log_35m_x1,12.0,12.0,12.0,12.0,12.0,12.0,984643833.0,35030.0
1787908900.153814,2026-08-28T09:21:40+00:00,http_log_35m_x1,14.0,14.0,14.0,14.0,14.0,14.0,989737880.0,35185.0
1787908905.176213,2026-08-28T09:21:45+00:00,http_log_35m_x1,15.0,15.0,15.0,15.0,15.0,15.0,994646421.0,35340.0
1787908910.1916711,2026-08-28T09:21:50+00:00,http_log_35m_x1,15.0,15.0,15.0,15.0,15.0,15.0,998046765.0,35495.0
1787908915.2189288,2026-08-28T09:21:55+00:00,http_log_35m_x1,12.0,12.0,12.0,12.0,12.0,12.0,1003204351.0,35650.0
1787908920.2377868,2026-08-28T09:22:00+00:00,http_log_35m_x1,11.0,11.0,11.0,11.0,11.0,11.0,1007142639.0,35805.0
1787908925.2631838,2026-08-28T09:22:05+00:00,http_log_35m_x1,13.0,13.0,13.0,13.0,13.0,13.0,1011715629.0,35960.0
1787908930.283896,2026-08-28T09:22:10+00:00,http_log_35m_x1,14.0,14.0,14.0,14.0,14.0,14.0,1015618946.0,36115.0
1787908935.308251,2026-08-28T09:22:15+00:00,http_log_35m_x1,14.0,14.0,14.0,14.0,14.0,14.0,1019969286.0,36270.0
1787908940.333648,2026-08-28T09:22:20+00:00,http_log_35m_x1,15.0,15.0,15.0,15.0,15.0,15.0,1024259774.0,36425.0
1787908945.348783,2026-08-28T09:22:25+00:00,http_log_35m_x1,13.0,13.0,13.0,13.0,13.0,13.0,1028717917.0,36580.0
1787908950.367523,2026-08-28T09:22:30+00:00,http_log_35m_x1,13.0,13.0,13.0,13.0,13.0,13.0,1032789398.0,36735.0
1787908955.38739,2026-08-28T09:22:35+00:00,http_log_35m_x1,11.0,11.0,11.0,11.0,11.0,11.0,1037028496.0,36890.0
1787908960.409523,2026-08-28T09:22:40+00:00,http_log_35m_x1,12.0,12.0,12.0,12.0,12.0,12.0,1041297632.0,37045.0
1787908965.425877,2026-08-28T09:22:45+00:00,http_log_35m_x1,13.0,13.0,13.0,13.0,13.0,13.0,1045596525.0,37200.0
1787908970.448894,2026-08-28T09:22:50+00:00,http_log_35m_x1,13.0,13.0,13.0,13.0,13.0,13.0,1049417273.0,37355.0
1787908975.470638,2026-08-28T09:22:55+00:00,http_log_35m_x1,14.0,14.0,14.0,14.0,14.0,14.0,1054484812.0,37510.0
1787908980.495625,2026-08-28T09:23:00+00:00,http_log_35m_x1,14.0,14.0,14.0,14.0,14.0,14.0,1058165447.0,37665.0
1787908985.513431,2026-08-28T09:23:05+00:00,http_log_35m_x1,15.0,15.0,15.0,15.0,15.0,15.0,1063564573.0,37820.0
1787908990.52701,2026-08-28T09:23:10+00:00,http_log_35m_x1,12.0,12.0,12.0,12.0,12.0,12.0,1066880662.0,37975.0
1787908995.5455518,2026-08-28T09:23:15+00:00,http_log_35m_x1,11.0,11.0,11.0,11.0,11.0,11.0,1071135160.0,38130.0
1787909000.5710158,2026-08-28T09:23:20+00:00,http_log_35m_x1,14.0,14.0,14.0,14.0,14.0,14.0,1075906514.0,38285.0
1787909005.590233,2026-08-28T09:23:25+00:00,http_log_35m_x1,13.0,13.0,13.0,13.0,13.0,13.0,1079680615.0,38440.0
1787909010.615621,2026-08-28T09:23:30+00:00,http_log_35m_x1,14.0,14.0,14.0,14.0,14.0,14.0,1084524988.0,38595.0
1787909015.640832,2026-08-28T09:23:35+00:00,http_log_35m_x1,14.0,14.0,14.0,14.0,14.0,14.0,1088742560.0,38750.0
1787909020.662674,2026-08-28T09:23:40+00:00,http_log_35m_x1,15.0,15.0,15.0,15.0,15.0,15.0,1093646438.0,38905.0
1787909025.686343,2026-08-28T09:23:45+00:00,http_log_35m_x1,14.0,14.0,14.0,14.0,14.0,14.0,1098307412.0,39060.0
1787909030.707724,2026-08-28T09:23:50+00:00,http_log_35m_x1,14.0,14.0,14.0,14.0,14.0,14.0,1101863377.0,39215.0
1787909035.732029,2026-08-28T09:23:55+00:00,http_log_35m_x1,14.0,14.0,14.0,14.0,14.0,14.0,1106486631.0,39370.0
1787909040.75728,2026-08-28T09:24:00+00:00,http_log_35m_x1,16.0,16.0,16.0,16.0,16.0,16.0,1110953599.0,39525.0
1787909045.779967,2026-08-28T09:24:05+00:00,http_log_35m_x1,14.0,14.0,14.0,14.0,14.0,14.0,1115555586.0,39680.0
1787909050.8014421,2026-08-28T09:24:10+00:00,http_log_35m_x1,11.0,11.0,11.0,11.0,11.0,11.0,1119277844.0,39835.0
1787909055.82604,2026-08-28T09:24:15+00:00,http_log_35m_x1,9.0,9.0,9.0,9.0,9.0,9.0,1124284807.0,40021.0
1787909060.845551,2026-08-28T09:24:20+00:00,http_log_35m_x1,10.0,10.0,10.0,10.0,10.0,10.0,1129549330.0,40176.0
1787909065.865024,2026-08-28T09:24:25+00:00,http_log_35m_x1,11.0,11.0,11.0,11.0,11.0,11.0,1134154863.0,40331.0
1787909070.8858209,2026-08-28T09:24:30+00:00,http_log_35m_x1,11.0,11.0,11.0,11.0,11.0,11.0,1137361596.0,40455.0
1787909075.901628,2026-08-28T09:24:35+00:00,http_log_35m_x1,12.0,12.0,12.0,12.0,12.0,12.0,1141608526.0,40610.0
1787909080.9215949,2026-08-28T09:24:40+00:00,http_log_35m_x1,9.0,9.0,9.0,9.0,9.0,9.0,1145864732.0,40765.0
1787909085.938977,2026-08-28T09:24:45+00:00,http_log_35m_x1,11.0,11.0,11.0,11.0,11.0,11.0,1151358177.0,40951.0
1787909090.95991,2026-08-28T09:24:50+00:00,http_log_35m_x1,12.0,12.0,12.0,12.0,12.0,12.0,1155884610.0,41106.0
1787909095.980532,2026-08-28T09:24:56+00:00,http_log_35m_x1,9.0,9.0,9.0,9.0,9.0,9.0,1159520139.0,41261.0
1787909100.999661,2026-08-28T09:25:01+00:00,http_log_35m_x1,10.0,10.0,10.0,10.0,10.0,10.0,1163737265.0,41416.0
1787909106.021919,2026-08-28T09:25:06+00:00,http_log_35m_x1,11.0,11.0,11.0,11.0,11.0,11.0,1168417591.0,41571.0
1787909111.046933,2026-08-28T09:25:11+00:00,http_log_35m_x1,12.0,12.0,12.0,12.0,12.0,12.0,1172721692.0,41726.0
1787909116.070654,2026-08-28T09:25:16+00:00,http_log_35m_x1,13.0,13.0,13.0,13.0,13.0,13.0,1177192416.0,41881.0
1787909121.090425,2026-08-28T09:25:21+00:00,http_log_35m_x1,14.0,14.0,14.0,14.0,14.0,14.0,1182392923.0,42036.0
1787909126.112631,2026-08-28T09:25:26+00:00,http_log_35m_x1,11.0,11.0,11.0,11.0,11.0,11.0,1185993420.0,42191.0
1787909131.1286662,2026-08-28T09:25:31+00:00,http_log_35m_x1,12.0,12.0,12.0,12.0,12.0,12.0,1191028802.0,42346.0
1787909136.1540549,2026-08-28T09:25:36+00:00,http_log_35m_x1,13.0,13.0,13.0,13.0,13.0,13.0,1194991644.0,42501.0
1787909141.179461,2026-08-28T09:25:41+00:00,http_log_35m_x1,14.0,14.0,14.0,14.0,14.0,14.0,1199765085.0,42656.0
1787909146.198123,2026-08-28T09:25:46+00:00,http_log_35m_x1,11.0,11.0,11.0,11.0,11.0,11.0,1202923034.0,42811.0
1787909151.220076,2026-08-28T09:25:51+00:00,http_log_35m_x1,12.0,12.0,12.0,12.0,12.0,12.0,1208232729.0,42966.0
1787909156.245445,2026-08-28T09:25:56+00:00,http_log_35m_x1,13.0,13.0,13.0,13.0,13.0,13.0,1212810114.0,43121.0
1787909161.268283,2026-08-28T09:26:01+00:00,http_log_35m_x1,14.0,14.0,14.0,14.0,14.0,14.0,1216817983.0,43276.0
1787909166.290097,2026-08-28T09:26:06+00:00,http_log_35m_x1,11.0,11.0,11.0,11.0,11.0,11.0,1220914508.0,43431.0
1787909171.315083,2026-08-28T09:26:11+00:00,http_log_35m_x1,8.0,8.0,8.0,8.0,8.0,8.0,1223961117.0,43586.0
1787909176.338848,2026-08-28T09:26:16+00:00,http_log_35m_x1,9.0,9.0,9.0,9.0,9.0,9.0,1229084536.0,43741.0
1787909181.359013,2026-08-28T09:26:21+00:00,http_log_35m_x1,10.0,10.0,10.0,10.0,10.0,10.0,1233042713.0,43896.0
1787909186.384362,2026-08-28T09:26:26+00:00,http_log_35m_x1,11.0,11.0,11.0,11.0,11.0,11.0,1237813778.0,44051.0
1787909191.404595,2026-08-28T09:26:31+00:00,http_log_35m_x1,12.0,12.0,12.0,12.0,12.0,12.0,1242265245.0,44206.0
1787909196.430506,2026-08-28T09:26:36+00:00,http_log_35m_x1,9.0,9.0,9.0,9.0,9.0,9.0,1245878334.0,44361.0
1787909201.4475389,2026-08-28T09:26:41+00:00,http_log_35m_x1,14.0,14.0,14.0,14.0,14.0,14.0,1251013037.0,44516.0
1787909206.465711,2026-08-28T09:26:46+00:00,http_log_35m_x1,11.0,11.0,11.0,11.0,11.0,11.0,1254913227.0,44671.0
1787909211.489263,2026-08-28T09:26:51+00:00,http_log_35m_x1,12.0,12.0,12.0,12.0,12.0,12.0,1259469673.0,44826.0
1787909216.506623,2026-08-28T09:26:56+00:00,http_log_35m_x1,9.0,9.0,9.0,9.0,9.0,9.0,1263786275.0,44981.0
1787909221.510972,2026-08-28T09:27:01+00:00,http_log_35m_x1,10.0,10.0,10.0,10.0,10.0,10.0,1267677317.0,45136.0
1787909226.5284538,2026-08-28T09:27:06+00:00,http_log_35m_x1,10.0,10.0,10.0,10.0,10.0,10.0,1272421965.0,45291.0
1787909231.5409951,2026-08-28T09:27:11+00:00,http_log_35m_x1,11.0,11.0,11.0,11.0,11.0,11.0,1277265900.0,45446.0
1787909236.5597088,2026-08-28T09:27:16+00:00,http_log_35m_x1,12.0,12.0,12.0,12.0,12.0,12.0,1281259229.0,45601.0
1787909241.583775,2026-08-28T09:27:21+00:00,http_log_35m_x1,13.0,13.0,13.0,13.0,13.0,13.0,1285856723.0,45756.0
1787909246.6014662,2026-08-28T09:27:26+00:00,http_log_35m_x1,10.0,10.0,10.0,10.0,10.0,10.0,1289804816.0,45911.0
1787909251.622859,2026-08-28T09:27:31+00:00,http_log_35m_x1,11.0,11.0,11.0,11.0,11.0,11.0,1294114755.0,46066.0
1787909256.643472,2026-08-28T09:27:36+00:00,http_log_35m_x1,12.0,12.0,12.0,12.0,12.0,12.0,1298736488.0,46221.0
1787909261.666664,2026-08-28T09:27:41+00:00,http_log_35m_x1,13.0,13.0,13.0,13.0,13.0,13.0,1302976105.0,46376.0
1787909266.689893,2026-08-28T09:27:46+00:00,http_log_35m_x1,14.0,14.0,14.0,14.0,14.0,14.0,1307518678.0,46531.0
1787909271.708879,2026-08-28T09:27:51+00:00,http_log_35m_x1,15.0,15.0,15.0,15.0,15.0,15.0,1312283036.0,46686.0
1787909276.7293282,2026-08-28T09:27:56+00:00,http_log_35m_x1,16.0,16.0,16.0,16.0,16.0,16.0,1316246059.0,46841.0
1787909281.749612,2026-08-28T09:28:01+00:00,http_log_35m_x1,13.0,13.0,13.0,13.0,13.0,13.0,1320817473.0,46996.0
1787909286.77324,2026-08-28T09:28:06+00:00,http_log_35m_x1,14.0,14.0,14.0,14.0,14.0,14.0,1325342718.0,47151.0
1787909291.798228,2026-08-28T09:28:11+00:00,http_log_35m_x1,11.0,11.0,11.0,11.0,11.0,11.0,1328751694.0,47306.0
1787909296.820291,2026-08-28T09:28:16+00:00,http_log_35m_x1,12.0,12.0,12.0,12.0,12.0,12.0,1333525361.0,47461.0
1787909301.83554,2026-08-28T09:28:21+00:00,http_log_35m_x1,13.0,13.0,13.0,13.0,13.0,13.0,1338382147.0,47616.0
1787909306.857353,2026-08-28T09:28:26+00:00,http_log_35m_x1,15.0,15.0,15.0,15.0,15.0,15.0,1343577067.0,47802.0
1787909311.879016,2026-08-28T09:28:31+00:00,http_log_35m_x1,12.0,12.0,12.0,12.0,12.0,12.0,1347556504.0,47957.0
1787909316.899418,2026-08-28T09:28:36+00:00,http_log_35m_x1,9.0,9.0,9.0,9.0,9.0,9.0,1351483947.0,48112.0
1787909321.911322,2026-08-28T09:28:41+00:00,http_log_35m_x1,10.0,10.0,10.0,10.0,10.0,10.0,1355724809.0,48267.0
1787909326.9307158,2026-08-28T09:28:46+00:00,http_log_35m_x1,11.0,11.0,11.0,11.0,11.0,11.0,1360072224.0,48422.0
1787909331.94227,2026-08-28T09:28:51+00:00,http_log_35m_x1,12.0,12.0,12.0,12.0,12.0,12.0,1364817247.0,48577.0
1787909336.959033,2026-08-28T09:28:56+00:00,http_log_35m_x1,13.0,13.0,13.0,13.0,13.0,13.0,1369051875.0,48732.0
1787909341.975081,2026-08-28T09:29:02+00:00,http_log_35m_x1,14.0,14.0,14.0,14.0,14.0,14.0,1373628811.0,48887.0
1787909346.996593,2026-08-28T09:29:07+00:00,http_log_35m_x1,15.0,15.0,15.0,15.0,15.0,15.0,1378087824.0,49042.0
1787909352.017685,2026-08-28T09:29:12+00:00,http_log_35m_x1,12.0,12.0,12.0,12.0,12.0,12.0,1382027757.0,49197.0
1787909357.03308,2026-08-28T09:29:17+00:00,http_log_35m_x1,13.0,13.0,13.0,13.0,13.0,13.0,1386133596.0,49352.0
1787909362.05092,2026-08-28T09:29:22+00:00,http_log_35m_x1,11.0,11.0,11.0,11.0,11.0,11.0,1390385371.0,49507.0
1787909367.0723898,2026-08-28T09:29:27+00:00,http_log_35m_x1,9.0,9.0,9.0,9.0,9.0,9.0,1394821807.0,49662.0
1787909372.097791,2026-08-28T09:29:32+00:00,http_log_35m_x1,9.0,9.0,9.0,9.0,9.0,9.0,1399095654.0,49817.0
1787909377.115972,2026-08-28T09:29:37+00:00,http_log_35m_x1,11.0,11.0,11.0,11.0,11.0,11.0,1404289115.0,49972.0
1787909382.135764,2026-08-28T09:29:42+00:00,http_log_35m_x1,11.0,11.0,11.0,11.0,11.0,11.0,1408565843.0,50127.0
1787909387.1508758,2026-08-28T09:29:47+00:00,http_log_35m_x1,12.0,12.0,12.0,12.0,12.0,12.0,1412500530.0,50282.0
1787909392.173768,2026-08-28T09:29:52+00:00,http_log_35m_x1,12.0,12.0,12.0,12.0,12.0,12.0,1417105886.0,50437.0
1787909397.195275,2026-08-28T09:29:57+00:00,http_log_35m_x1,13.0,13.0,13.0,13.0,13.0,13.0,1421261242.0,50592.0
1787909402.211203,2026-08-28T09:30:02+00:00,http_log_35m_x1,13.0,13.0,13.0,13.0,13.0,13.0,1425994188.0,50747.0
1787909407.2328918,2026-08-28T09:30:07+00:00,http_log_35m_x1,11.0,11.0,11.0,11.0,11.0,11.0,1429887899.0,50902.0
1787909412.2520802,2026-08-28T09:30:12+00:00,http_log_35m_x1,11.0,11.0,11.0,11.0,11.0,11.0,1434639048.0,51057.0
1787909417.272023,2026-08-28T09:30:17+00:00,http_log_35m_x1,13.0,13.0,13.0,13.0,13.0,13.0,1439226562.0,51212.0
1787909422.29669,2026-08-28T09:30:22+00:00,http_log_35m_x1,11.0,11.0,11.0,11.0,11.0,11.0,1443203894.0,51367.0
1787909427.312421,2026-08-28T09:30:27+00:00,http_log_35m_x1,14.0,14.0,14.0,14.0,14.0,14.0,1447189479.0,51522.0
1787909432.330986,2026-08-28T09:30:32+00:00,http_log_35m_x1,13.0,13.0,13.0,13.0,13.0,13.0,1452242893.0,51677.0
1787909437.34723,2026-08-28T09:30:37+00:00,http_log_35m_x1,12.0,12.0,12.0,12.0,12.0,12.0,1456112029.0,51832.0
1787909442.3673542,2026-08-28T09:30:42+00:00,http_log_35m_x1,14.0,14.0,14.0,14.0,14.0,14.0,1460863431.0,51987.0
1787909447.389996,2026-08-28T09:30:47+00:00,http_log_35m_x1,12.0,12.0,12.0,12.0,12.0,12.0,1465449777.0,52142.0
1787909452.415305,2026-08-28T09:30:52+00:00,http_log_35m_x1,12.0,12.0,12.0,12.0,12.0,12.0,1469113569.0,52297.0
1787909457.438554,2026-08-28T09:30:57+00:00,http_log_35m_x1,13.0,13.0,13.0,13.0,13.0,13.0,1473764410.0,52452.0
1787909462.460791,2026-08-28T09:31:02+00:00,http_log_35m_x1,14.0,14.0,14.0,14.0,14.0,14.0,1478395247.0,52607.0
1787909467.4853709,2026-08-28T09:31:07+00:00,http_log_35m_x1,11.0,11.0,11.0,11.0,11.0,11.0,1482409580.0,52762.0
1787909472.509922,2026-08-28T09:31:12+00:00,http_log_35m_x1,12.0,12.0,12.0,12.0,12.0,12.0,1486749658.0,52917.0
1787909477.526446,2026-08-28T09:31:17+00:00,http_log_35m_x1,12.0,12.0,12.0,12.0,12.0,12.0,1491352963.0,53072.0
1787909482.540629,2026-08-28T09:31:22+00:00,http_log_35m_x1,14.0,14.0,14.0,14.0,14.0,14.0,1495931440.0,53227.0
1787909487.559584,2026-08-28T09:31:27+00:00,http_log_35m_x1,12.0,12.0,12.0,12.0,12.0,12.0,1500052276.0,53382.0
1787909492.582795,2026-08-28T09:31:32+00:00,http_log_35m_x1,14.0,14.0,14.0,14.0,14.0,14.0,1504264286.0,53537.0
1787909497.597805,2026-08-28T09:31:37+00:00,http_log_35m_x1,16.0,16.0,16.0,16.0,16.0,16.0,1508732599.0,53692.0
1787909502.620688,2026-08-28T09:31:42+00:00,http_log_35m_x1,12.0,12.0,12.0,12.0,12.0,12.0,1512920464.0,53847.0
1787909507.6401558,2026-08-28T09:31:47+00:00,http_log_35m_x1,12.0,12.0,12.0,12.0,12.0,12.0,1517415380.0,54002.0
1787909512.659755,2026-08-28T09:31:52+00:00,http_log_35m_x1,11.0,11.0,11.0,11.0,11.0,11.0,1521707633.0,54157.0
1787909517.677469,2026-08-28T09:31:57+00:00,http_log_35m_x1,11.0,11.0,11.0,11.0,11.0,11.0,1525918442.0,54312.0
1787909522.698682,2026-08-28T09:32:02+00:00,http_log_35m_x1,12.0,12.0,12.0,12.0,12.0,12.0,1530805939.0,54467.0
1787909527.7167501,2026-08-28T09:32:07+00:00,http_log_35m_x1,11.0,11.0,11.0,11.0,11.0,11.0,1535323942.0,54622.0
1787909532.734866,2026-08-28T09:32:12+00:00,http_log_35m_x1,11.0,11.0,11.0,11.0,11.0,11.0,1539514622.0,54777.0
1787909537.757712,2026-08-28T09:32:17+00:00,http_log_35m_x1,14.0,14.0,14.0,14.0,14.0,14.0,1544586066.0,54932.0
1787909542.781982,2026-08-28T09:32:22+00:00,http_log_35m_x1,13.0,13.0,13.0,13.0,13.0,13.0,1547782538.0,55087.0
1787909547.801624,2026-08-28T09:32:27+00:00,http_log_35m_x1,14.0,14.0,14.0,14.0,14.0,14.0,1552904021.0,55242.0
1787909552.826133,2026-08-28T09:32:32+00:00,http_log_35m_x1,13.0,13.0,13.0,13.0,13.0,13.0,1557193887.0,55397.0
1787909557.839665,2026-08-28T09:32:37+00:00,http_log_35m_x1,15.0,15.0,15.0,15.0,15.0,15.0,1561552081.0,55552.0
1787909562.8606431,2026-08-28T09:32:42+00:00,http_log_35m_x1,13.0,13.0,13.0,13.0,13.0,13.0,1565692598.0,55707.0
1787909567.8763452,2026-08-28T09:32:47+00:00,http_log_35m_x1,15.0,15.0,15.0,15.0,15.0,15.0,1570489773.0,55862.0
1787909572.898031,2026-08-28T09:32:52+00:00,http_log_35m_x1,14.0,14.0,14.0,14.0,14.0,14.0,1574109340.0,56017.0
1787909577.922613,2026-08-28T09:32:58+00:00,http_log_35m_x1,14.0,14.0,14.0,14.0,14.0,14.0,1579132835.0,56172.0
1787909582.939448,2026-08-28T09:33:02+00:00,http_log_35m_x1,14.0,14.0,14.0,14.0,14.0,14.0,1583131698.0,56327.0
1787909587.958142,2026-08-28T09:33:08+00:00,http_log_35m_x1,13.0,13.0,13.0,13.0,13.0,13.0,1586877471.0,56482.0
1787909592.977074,2026-08-28T09:33:13+00:00,http_log_35m_x1,14.0,14.0,14.0,14.0,14.0,14.0,1592648843.0,56668.0
1787909597.997427,2026-08-28T09:33:18+00:00,http_log_35m_x1,11.0,11.0,11.0,11.0,11.0,11.0,1596746850.0,56823.0
1787909603.018493,2026-08-28T09:33:23+00:00,http_log_35m_x1,13.0,13.0,13.0,13.0,13.0,13.0,1601581043.0,56978.0
1787909608.039642,2026-08-28T09:33:28+00:00,http_log_35m_x1,11.0,11.0,11.0,11.0,11.0,11.0,1605267535.0,57133.0
1787909613.06338,2026-08-28T09:33:33+00:00,http_log_35m_x1,13.0,13.0,13.0,13.0,13.0,13.0,1610134485.0,57288.0
1787909618.085972,2026-08-28T09:33:38+00:00,http_log_35m_x1,15.0,15.0,15.0,15.0,15.0,15.0,1614722002.0,57443.0
1787909623.107687,2026-08-28T09:33:43+00:00,http_log_35m_x1,11.0,11.0,11.0,11.0,11.0,11.0,1618843532.0,57598.0
1787909628.126273,2026-08-28T09:33:48+00:00,http_log_35m_x1,14.0,14.0,14.0,14.0,14.0,14.0,1623110207.0,57753.0
1787909633.145401,2026-08-28T09:33:53+00:00,http_log_35m_x1,12.0,12.0,12.0,12.0,12.0,12.0,1627873734.0,57908.0
1787909638.17024,2026-08-28T09:33:58+00:00,http_log_35m_x1,12.0,12.0,12.0,12.0,12.0,12.0,1632004421.0,58063.0
1787909643.190141,2026-08-28T09:34:03+00:00,http_log_35m_x1,14.0,14.0,14.0,14.0,14.0,14.0,1636534235.0,58218.0
1787909648.210834,2026-08-28T09:34:08+00:00,http_log_35m_x1,14.0,14.0,14.0,14.0,14.0,14.0,1640905895.0,58373.0
1787909653.2322822,2026-08-28T09:34:13+00:00,http_log_35m_x1,15.0,15.0,15.0,15.0,15.0,15.0,1645998520.0,58528.0
1787909658.2530591,2026-08-28T09:34:18+00:00,http_log_35m_x1,14.0,14.0,14.0,14.0,14.0,14.0,1649658872.0,58683.0
1787909663.27708,2026-08-28T09:34:23+00:00,http_log_35m_x1,13.0,13.0,13.0,13.0,13.0,13.0,1653540214.0,58838.0
1787909668.294773,2026-08-28T09:34:28+00:00,http_log_35m_x1,12.0,12.0,12.0,12.0,12.0,12.0,1658164193.0,58993.0
1787909673.3201091,2026-08-28T09:34:33+00:00,http_log_35m_x1,13.0,13.0,13.0,13.0,13.0,13.0,1662680574.0,59148.0
1787909678.34556,2026-08-28T09:34:38+00:00,http_log_35m_x1,14.0,14.0,14.0,14.0,14.0,14.0,1668037967.0,59303.0
1787909683.369896,2026-08-28T09:34:43+00:00,http_log_35m_x1,15.0,15.0,15.0,15.0,15.0,15.0,1671771845.0,59458.0
1787909688.3934479,2026-08-28T09:34:48+00:00,http_log_35m_x1,16.0,16.0,16.0,16.0,16.0,16.0,1676782965.0,59613.0
1787909693.410645,2026-08-28T09:34:53+00:00,http_log_35m_x1,13.0,13.0,13.0,13.0,13.0,13.0,1680234373.0,59768.0
1787909698.430808,2026-08-28T09:34:58+00:00,http_log_35m_x1,14.0,14.0,14.0,14.0,14.0,14.0,1684811453.0,59923.0
1787909703.452291,2026-08-28T09:35:03+00:00,http_log_35m_x1,15.0,15.0,15.0,15.0,15.0,15.0,1689378114.0,60078.0
1787909708.477667,2026-08-28T09:35:08+00:00,http_log_35m_x1,16.0,16.0,16.0,16.0,16.0,16.0,1693940084.0,60233.0
1787909713.5073972,2026-08-28T09:35:13+00:00,http_log_35m_x1,13.0,13.0,13.0,13.0,13.0,13.0,1697278856.0,60388.0
1787909718.521683,2026-08-28T09:35:18+00:00,http_log_35m_x1,14.0,14.0,14.0,14.0,14.0,14.0,1702095140.0,60543.0
1787909723.54075,2026-08-28T09:35:23+00:00,http_log_35m_x1,11.0,11.0,11.0,11.0,11.0,11.0,1705638744.0,60698.0
1787909728.5632288,2026-08-28T09:35:28+00:00,http_log_35m_x1,12.0,12.0,12.0,12.0,12.0,12.0,1710069420.0,60853.0
1787909733.584886,2026-08-28T09:35:33+00:00,http_log_35m_x1,10.0,10.0,10.0,10.0,10.0,10.0,1714537071.0,61008.0
1787909738.6042619,2026-08-28T09:35:38+00:00,http_log_35m_x1,11.0,11.0,11.0,11.0,11.0,11.0,1719003741.0,61163.0
1787909743.6296399,2026-08-28T09:35:43+00:00,http_log_35m_x1,8.0,8.0,8.0,8.0,8.0,8.0,1722838877.0,61318.0
1787909748.655089,2026-08-28T09:35:48+00:00,http_log_35m_x1,13.0,13.0,13.0,13.0,13.0,13.0,1728281308.0,61473.0
1787909753.680475,2026-08-28T09:35:53+00:00,http_log_35m_x1,10.0,10.0,10.0,10.0,10.0,10.0,1731719057.0,61628.0
1787909758.705864,2026-08-28T09:35:58+00:00,http_log_35m_x1,11.0,11.0,11.0,11.0,11.0,11.0,1736589168.0,61783.0
1787909763.7311192,2026-08-28T09:36:03+00:00,http_log_35m_x1,8.0,8.0,8.0,8.0,8.0,8.0,1740367494.0,61938.0
1787909768.7565188,2026-08-28T09:36:08+00:00,http_log_35m_x1,8.0,8.0,8.0,8.0,8.0,8.0,1744787769.0,62093.0
1787909773.7728589,2026-08-28T09:36:13+00:00,http_log_35m_x1,9.0,9.0,9.0,9.0,9.0,9.0,1749345860.0,62248.0
1787909778.797896,2026-08-28T09:36:18+00:00,http_log_35m_x1,10.0,10.0,10.0,10.0,10.0,10.0,1754722356.0,62434.0
1787909783.8186328,2026-08-28T09:36:23+00:00,http_log_35m_x1,11.0,11.0,11.0,11.0,11.0,11.0,1758737656.0,62589.0
1787909788.833705,2026-08-28T09:36:28+00:00,http_log_35m_x1,12.0,12.0,12.0,12.0,12.0,12.0,1763780695.0,62744.0
1787909793.845353,2026-08-28T09:36:33+00:00,http_log_35m_x1,13.0,13.0,13.0,13.0,13.0,13.0,1768460522.0,62899.0
1787909798.86011,2026-08-28T09:36:38+00:00,http_log_35m_x1,13.0,13.0,13.0,13.0,13.0,13.0,1771884948.0,63023.0
1787909803.878701,2026-08-28T09:36:43+00:00,http_log_35m_x1,14.0,14.0,14.0,14.0,14.0,14.0,1776703156.0,63178.0
1787909808.8977878,2026-08-28T09:36:48+00:00,http_log_35m_x1,12.0,12.0,12.0,12.0,12.0,12.0,1781249521.0,63364.0
1787909813.9192488,2026-08-28T09:36:53+00:00,http_log_35m_x1,13.0,13.0,13.0,13.0,13.0,13.0,1785536170.0,63519.0
1787909818.940313,2026-08-28T09:36:58+00:00,http_log_35m_x1,10.0,10.0,10.0,10.0,10.0,10.0,1790287443.0,63674.0
1787909823.9573991,2026-08-28T09:37:03+00:00,http_log_35m_x1,11.0,11.0,11.0,11.0,11.0,11.0,1794549864.0,63829.0
1787909828.973462,2026-08-28T09:37:09+00:00,http_log_35m_x1,12.0,12.0,12.0,12.0,12.0,12.0,1799206817.0,63984.0
1787909833.9938529,2026-08-28T09:37:14+00:00,http_log_35m_x1,9.0,9.0,9.0,9.0,9.0,9.0,1802928451.0,64139.0
1787909839.019298,2026-08-28T09:37:19+00:00,http_log_35m_x1,10.0,10.0,10.0,10.0,10.0,10.0,1807043639.0,64294.0
1787909844.044669,2026-08-28T09:37:24+00:00,http_log_35m_x1,11.0,11.0,11.0,11.0,11.0,11.0,1811550552.0,64449.0
1787909849.067949,2026-08-28T09:37:29+00:00,http_log_35m_x1,12.0,12.0,12.0,12.0,12.0,12.0,1816023207.0,64604.0
1787909854.0891252,2026-08-28T09:37:34+00:00,http_log_35m_x1,13.0,13.0,13.0,13.0,13.0,13.0,1820516582.0,64759.0
1787909859.113075,2026-08-28T09:37:39+00:00,http_log_35m_x1,14.0,14.0,14.0,14.0,14.0,14.0,1825051105.0,64914.0
1787909864.134122,2026-08-28T09:37:44+00:00,http_log_35m_x1,11.0,11.0,11.0,11.0,11.0,11.0,1828498853.0,65069.0
1787909869.1547709,2026-08-28T09:37:49+00:00,http_log_35m_x1,8.0,8.0,8.0,8.0,8.0,8.0,1828873976.0,65100.0
1787909874.175152,2026-08-28T09:37:54+00:00,http_log_35m_x1,8.0,8.0,8.0,8.0,8.0,8.0,1828873976.0,65100.0
1787909879.192138,2026-08-28T09:37:59+00:00,http_log_35m_x1,8.0,8.0,8.0,8.0,8.0,8.0,1828873976.0,65100.0
1787909884.212011,2026-08-28T09:38:04+00:00,http_log_35m_x1,8.0,8.0,8.0,8.0,8.0,8.0,1828873976.0,65100.0
1787909889.2356591,2026-08-28T09:38:09+00:00,http_log_35m_x1,8.0,8.0,8.0,8.0,8.0,8.0,1828873976.0,65100.0
1787909894.254731,2026-08-28T09:38:14+00:00,http_log_35m_x1,8.0,8.0,8.0,8.0,8.0,8.0,1828873976.0,65100.0
1787909899.2769952,2026-08-28T09:38:19+00:00,http_log_35m_x1,8.0,8.0,8.0,8.0,8.0,8.0,1828873976.0,65100.0
1787909904.2996612,2026-08-28T09:38:24+00:00,http_log_35m_x1,8.0,8.0,8.0,8.0,8.0,8.0,1828873976.0,65100.0
1787909909.3241558,2026-08-28T09:38:29+00:00,http_log_35m_x1,8.0,8.0,8.0,8.0,8.0,8.0,1828873976.0,65100.0
1787909914.3494751,2026-08-28T09:38:34+00:00,http_log_35m_x1,8.0,8.0,8.0,8.0,8.0,8.0,1828873976.0,65100.0
1787909919.3749099,2026-08-28T09:38:39+00:00,http_log_35m_x1,8.0,8.0,8.0,8.0,8.0,8.0,1828873976.0,65100.0
1787909924.394615,2026-08-28T09:38:44+00:00,http_log_35m_x1,8.0,8.0,8.0,8.0,8.0,8.0,1828873976.0,65100.0
1787909929.415335,2026-08-28T09:38:49+00:00,http_log_35m_x1,8.0,8.0,8.0,8.0,8.0,8.0,1828873976.0,65100.0
1787909934.437118,2026-08-28T09:38:54+00:00,http_log_35m_x1,8.0,8.0,8.0,8.0,8.0,8.0,1828873976.0,65100.0
1787909939.462582,2026-08-28T09:38:59+00:00,http_log_35m_x1,8.0,8.0,8.0,8.0,8.0,8.0,1828873976.0,65100.0
1787909944.486666,2026-08-28T09:39:04+00:00,http_log_35m_x1,8.0,8.0,8.0,8.0,8.0,8.0,1828873976.0,65100.0
1787909949.512068,2026-08-28T09:39:09+00:00,http_log_35m_x1,8.0,8.0,8.0,8.0,8.0,8.0,1828873976.0,65100.0
1787909954.537496,2026-08-28T09:39:14+00:00,http_log_35m_x1,8.0,8.0,8.0,8.0,8.0,8.0,1828873976.0,65100.0
1787909959.563019,2026-08-28T09:39:19+00:00,http_log_35m_x1,8.0,8.0,8.0,8.0,8.0,8.0,1828873976.0,65100.0
1787909964.5869539,2026-08-28T09:39:24+00:00,http_log_35m_x1,8.0,8.0,8.0,8.0,8.0,8.0,1828873976.0,65100.0
1787909969.610759,2026-08-28T09:39:29+00:00,http_log_35m_x1,8.0,8.0,8.0,8.0,8.0,8.0,1828873976.0,65100.0
1787909974.633974,2026-08-28T09:39:34+00:00,http_log_35m_x1,8.0,8.0,8.0,8.0,8.0,8.0,1828873976.0,65100.0
1787909979.654539,2026-08-28T09:39:39+00:00,http_log_35m_x1,8.0,8.0,8.0,8.0,8.0,8.0,1828873976.0,65100.0
1787909984.6769128,2026-08-28T09:39:44+00:00,http_log_35m_x1,8.0,8.0,8.0,8.0,8.0,8.0,1828873976.0,65100.0
1787909989.702284,2026-08-28T09:39:49+00:00,http_log_35m_x1,8.0,8.0,8.0,8.0,8.0,8.0,1828873976.0,65100.0
1787909994.723839,2026-08-28T09:39:54+00:00,http_log_35m_x1,8.0,8.0,8.0,8.0,8.0,8.0,1828873976.0,65100.0
1787909999.749203,2026-08-28T09:39:59+00:00,http_log_35m_x1,8.0,8.0,8.0,8.0,8.0,8.0,1828873976.0,65100.0
1787910004.767257,2026-08-28T09:40:04+00:00,http_log_35m_x1,8.0,8.0,8.0,8.0,8.0,8.0,1828873976.0,65100.0
1787910009.78914,2026-08-28T09:40:09+00:00,http_log_35m_x1,8.0,8.0,8.0,8.0,8.0,8.0,1828873976.0,65100.0
1787910014.814518,2026-08-28T09:40:14+00:00,http_log_35m_x1,8.0,8.0,8.0,8.0,8.0,8.0,1828873976.0,65100.0
1787910019.835211,2026-08-28T09:40:19+00:00,http_log_35m_x1,8.0,8.0,8.0,8.0,8.0,8.0,1828873976.0,65100.0
1787910024.855742,2026-08-28T09:40:24+00:00,http_log_35m_x1,8.0,8.0,8.0,8.0,8.0,8.0,1828873976.0,65100.0
1787910029.877311,2026-08-28T09:40:29+00:00,http_log_35m_x1,8.0,8.0,8.0,8.0,8.0,8.0,1828873976.0,65100.0
1787910034.900842,2026-08-28T09:40:34+00:00,http_log_35m_x1,8.0,8.0,8.0,8.0,8.0,8.0,1828873976.0,65100.0
1787910039.922505,2026-08-28T09:40:39+00:00,http_log_35m_x1,8.0,8.0,8.0,8.0,8.0,8.0,1828873976.0,65100.0
1787910044.93937,2026-08-28T09:40:44+00:00,http_log_35m_x1,8.0,8.0,8.0,8.0,8.0,8.0,1828873976.0,65100.0
1787910049.95343,2026-08-28T09:40:49+00:00,http_log_35m_x1,8.0,8.0,8.0,8.0,8.0,8.0,1828873976.0,65100.0
1787910054.9769878,2026-08-28T09:40:55+00:00,http_log_35m_x1,8.0,8.0,8.0,8.0,8.0,8.0,1828873976.0,65100.0
1787910059.991318,2026-08-28T09:41:00+00:00,http_log_35m_x1,8.0,8.0,8.0,8.0,8.0,8.0,1828873976.0,65100.0
1787910065.008422,2026-08-28T09:41:05+00:00,http_log_35m_x1,8.0,8.0,8.0,8.0,8.0,8.0,1828873976.0,65100.0
1787910070.033806,2026-08-28T09:41:10+00:00,http_log_35m_x1,8.0,8.0,8.0,8.0,8.0,8.0,1828873976.0,65100.0
1787910075.053302,2026-08-28T09:41:15+00:00,http_log_35m_x1,8.0,8.0,8.0,8.0,8.0,8.0,1828873976.0,65100.0
1787910080.077339,2026-08-28T09:41:20+00:00,http_log_35m_x1,8.0,8.0,8.0,8.0,8.0,8.0,1828873976.0,65100.0
1787910085.097385,2026-08-28T09:41:25+00:00,http_log_35m_x1,8.0,8.0,8.0,8.0,8.0,8.0,1828873976.0,65100.0
1787910090.116531,2026-08-28T09:41:30+00:00,http_log_35m_x1,8.0,8.0,8.0,8.0,8.0,8.0,1828873976.0,65100.0
1787910095.134604,2026-08-28T09:41:35+00:00,http_log_35m_x1,8.0,8.0,8.0,8.0,8.0,8.0,1828873976.0,65100.0
1787910100.158272,2026-08-28T09:41:40+00:00,http_log_35m_x1,8.0,8.0,8.0,8.0,8.0,8.0,1828873976.0,65100.0
1787910105.180576,2026-08-28T09:41:45+00:00,http_log_35m_x1,8.0,8.0,8.0,8.0,8.0,8.0,1828873976.0,65100.0
1787910110.20309,2026-08-28T09:41:50+00:00,http_log_35m_x1,8.0,8.0,8.0,8.0,8.0,8.0,1828873976.0,65100.0
1787910115.220501,2026-08-28T09:41:55+00:00,http_log_35m_x1,8.0,8.0,8.0,8.0,8.0,8.0,1828873976.0,65100.0
1787910120.2458858,2026-08-28T09:42:00+00:00,http_log_35m_x1,8.0,8.0,8.0,8.0,8.0,8.0,1828873976.0,65100.0
1787910125.2642188,2026-08-28T09:42:05+00:00,http_log_35m_x1,8.0,8.0,8.0,8.0,8.0,8.0,1828873976.0,65100.0
1787910130.289713,2026-08-28T09:42:10+00:00,http_log_35m_x1,8.0,8.0,8.0,8.0,8.0,8.0,1828873976.0,65100.0
1787910135.3048031,2026-08-28T09:42:15+00:00,http_log_35m_x1,8.0,8.0,8.0,8.0,8.0,8.0,1828873976.0,65100.0
1787910140.329258,2026-08-28T09:42:20+00:00,http_log_35m_x1,8.0,8.0,8.0,8.0,8.0,8.0,1828873976.0,65100.0
1787910145.350816,2026-08-28T09:42:25+00:00,http_log_35m_x1,8.0,8.0,8.0,8.0,8.0,8.0,1828873976.0,65100.0
1787910150.369684,2026-08-28T09:42:30+00:00,http_log_35m_x1,8.0,8.0,8.0,8.0,8.0,8.0,1828873976.0,65100.0
1787910155.390948,2026-08-28T09:42:35+00:00,http_log_35m_x1,8.0,8.0,8.0,8.0,8.0,8.0,1828873976.0,65100.0
1787910160.413124,2026-08-28T09:42:40+00:00,http_log_35m_x1,8.0,8.0,8.0,8.0,8.0,8.0,1828873976.0,65100.0
1787910165.437525,2026-08-28T09:42:45+00:00,http_log_35m_x1,8.0,8.0,8.0,8.0,8.0,8.0,1828873976.0,65100.0
1787910170.4556868,2026-08-28T09:42:50+00:00,http_log_35m_x1,8.0,8.0,8.0,8.0,8.0,8.0,1828873976.0,65100.0
1787910175.4797282,2026-08-28T09:42:55+00:00,http_log_35m_x1,8.0,8.0,8.0,8.0,8.0,8.0,1828873976.0,65100.0
